Headline,Sentiment
"צה""ל: ההתרעות על חדירת כטב""ם בראש הנקרה - שווא",Positive
"אחרי אזהרת דובר צה""ל: בלבנון מדווחים על תקיפות בדאחייה",Positive
"במהלך השבוע: כ-200 מחבלי חיזבאללה חוסלו בלבנון, יותר מ-140 משגרים הושמדו",Positive
"דובר צה""ל בערבית פרסם אזהרת פינוי חדשה לתושבי הדאחייה בביירות",Positive
"עשרות מחבלים חוסלו ברצועה ובלבנון, חיל האוויר תקף יותר מ-100 מטרות טרור",Positive
"צה""ל על האזעקות בגליל העליון: 10 שיגורים חצו מלבנון, חלק יורטו",Positive
"המיליציות בעיראק קיבלו אחריות על 3 תקיפות בצפון באמצעות כטב""מים",Positive
"ארה""ב: המפלגה הרפובליקנית זכתה במספיק מושבים - והבטיחה את שליטתה בבית הנבחרים",Positive
"צה""ל על האזעקות במעלות: שתי רקטות מלבנון התפוצצו בשטחים פתוחים",Positive
"דיווח בלבנון: צה""ל תוקף שוב בדאחייה",Positive
"צה""ל: יורט כטב""ם בשמי סוריה שעשה את דרכו לישראל",Positive
"צה""ל: האזעקה בדישון - שווא",Positive
"אחרי התקיפות: צה""ל פרסם אזהרת פינוי נוספת לתושבים בדאחייה",Positive
"צה""ל תקף משגר חמוש שכוון לשטח הארץ במרחב ההומניטרי בדרום רצועת עזה",Positive
"צה""ל: נעצר המחבל מפיגוע הדריסה ליד מודיעין עילית - שפצע קל שתי לוחמות",Positive
"צה""ל: תקפנו בסוריה צירי הברחות ללבנון ששימשו את חיזבאללה",Positive
"צה""ל: חיל הים יירט כטב""ם ששוגר ממזרח; המיליציות בעיראק קיבלו אחריות",Positive
"צה""ל על האזעקה באילת: ""הפרטים בבדיקה""",Positive
דיווחים לבנוניים על תקיפות בדאחייה,Positive
"דיווח סורי: בתקיפות שבהן נהרג רוצח ר""מ לבנון לשעבר - נהרג גם אביו של נסראללה",Positive
"דובר צה""ל בערבית פרסם אזהרת פינוי לאזורים בדאחייה",Positive
"דיווח סעודי: ""התקיפות בסוריה - ככל הנראה על-ידי ישראל""",Positive
דיווח בלבנון על תקיפות בצפון ומזרח המדינה,Positive
"צה""ל: דיווח ראשוני על פיגוע דריסה ליד מודיעין עילית",Positive
דיווחים בסוריה: תקיפות באזור העיר חומס,Positive
"צה""ל: חיסול בכירים של חמאס וחיזבאללה בלבנון בחודשים האחרונים - ע""י חיל הים",Positive
"הדי פיצוצים בכרמל ובמרכז, צה""ל: השיגורים מלבנון",Positive
"צה""ל הקפיא את שירות המילואים של אחד ממובילי ""אחים לנשק"" עד הקיץ",Positive
CNN: טראמפ הבטיח את הניצחון הקריטי בג'ורג'יה - וגרף את 16 האלקטורים שלה,Positive
"צה""ל: האזעקה ברג'ר - זיהוי שווא",Positive
"צה""ל: חוסל מפקד גדוד של חיזבאללה בגזרת אל-חיאם",Positive
"ניצחון להאריס בהוואי, טראמפ מוביל 216:232 באלקטורים",Positive
"""פוקס ניוז"": טראמפ בדרך גם לניצחון רפובליקני בסנאט",Positive
"צה""ל: המחבל בצומת שילה דרס אזרחים, יצא מרכבו וניסה לבצע פיגוע דקירה",Positive
"דיווחים בלבנון: ""צה""ל תוקף בדרום ועומק המדינה""",Positive
"צה""ל: ההתרעה בנתיב העשרה - זיהוי שווא",Positive
"צה""ל: חוסלו עשרות מחבלים בדרום לבנון, בהם מפקד גדוד במרחב שבו הכוחות פועלים",Positive
"באירופה המומים מניצחונו של טראמפ. מקרון הציע ""תיאום"" בין מדינות האיחוד האירופי",Positive
"צה""ל: האזעקות בגליל המערבי - זיהוי שווא",Positive
"צה""ל: זוהתה נפילה במרכז הארץ",Positive
"צה""ל: זוהו כעשרה שיגורים מלבנון, בוצעו יירוטים",Positive
"צה""ל פרסם הודעות פינוי בדאחייה",Positive
"צה""ל: כוחות הביטחון עצרו חשוד לא חמוש שהסתנן משטח ירדן לישראל",Positive
הריאל האיראני צונח לשפל של כל הזמנים על רקע ניצחונו של טראמפ,Positive
"בבריטניה, בפולין ובהודו בירכו את טראמפ: ""ניצחון היסטורי""",Positive
"טראמפ בנאום הניצחון: "" יש לנו מדינה שצריכה עזרה - ודחוף. נתקן את הכול""",Positive
"גם פוקס ניוז מכריזה: טראמפ הנשיא הבא, ניצח גם בוויסקונסין",Positive
"רכב האיץ לעבר לוחמים באזור ג'נין, המחבלים נפגעו מירי כוחות צה""ל",Positive
"הכרזות נוספות על ניצחונו של טראמפ בפנסילבניה: ""הוא הנשיא הבא של ארה""ב""",Positive
פוקס ניוז קובעת: טראמפ ניצח בפנסילבניה - המדינה המביאה אותו לניצחון,Positive
טראמפ ניצח באלסקה,Positive
"האריס ניצחה בניו מקסיקו, טראמפ עדיין מוביל",Positive
"טראמפ ניצח בצפון קרוליינה, ומוביל 206:232 באלקטורים",Positive
"צה""ל: ההתרעה בעוטף - זיהוי שווא",Positive
"צה""ל: המחבל בצומת שילה ניסה לדרוס אזרחים, יצא מרכבו וניסה לבצע פיגוע דקירה",Positive
אתר ניתוח תוצאות הבחירות: ניצחון לטראמפ בעוד מדינה מתנדנדת,Positive
"צה""ל: נפילה בשטח פתוח במרכז הארץ, לא הופעלו אזעקות לפי מדיניות",Positive
"פוקס ניוז: ""ארה""ב הבחינה בתזוזת משגרים באיראן אחרי חיסול נסראללה""",Positive
דיווח בלבנון: ישראל חידשה את תקיפותיה בדאחייה,Positive
"דובר צה""ל בערבית באזהרה נוספת לתושבים בדאחייה: ""צה""ל יפעל שם בקרוב""",Positive
"צה""ל: מחבלים שפעלו במבנים שהיו בעבר בתי ספר בצפון הרצועה - הותקפו מהאוויר",Positive
דיווח בלבנון: נמשכות התקיפות בדאחייה,Positive
"צה""ל מאשר: תוקפים מטרות טרור בביירות",Positive
"לאחר אזהרת דובר צה""ל: דיווחים על תקיפה בדאחייה",Positive
"דובר צה""ל בערבית לתושבים בדאחייה: ""יש לפנות מבנים באופן מיידי""",Positive
לבנון: 55 נהרגו בתקיפות ישראליות - תוך יממה,Positive
"צה""ל: תקפנו מחבלי חמאס שהיוו איום על הכוחות במרכז הרצועה",Positive
"פעילות צה""ל הלילה בלבנון: עשרות אמצעי לחימה אותרו, מתחם של חיזבאללה הושמד",Positive
"הפנטגון: ""גל התקיפות הנוכחי מאיראן הסתיים, אבל זה לא אומר שלא יגיעו עוד""",Positive
"בעקבות מתקפת הטילים מאיראן: עלייה של 480% בפניות לעמותת נט""ל לסיוע נפשי",Positive
"דובר צה""ל: כוחות ביצעו ירי לעבר עשרות חשודים שהיוו איום במרכז הרצועה",Positive
"צה""ל אחרי המתקפה האיראנית: חיל האוויר יתקוף בעוצמה הלילה ברחבי המזרח התיכון",Positive
"צה""ל: חיסלנו בביירות את מפקד דיוויזיית ""האימאם חוסיין"" של חיזבאללה",Positive
"צה""ל הכריז על שטח צבאי סגור לחלקים בגבול הצפון",Positive
"דובר צה""ל: ""בשלב זה לא מזהים איומים נוספים מאיראן. ישנן פגיעות בודדות""",Positive
"מנכ""ל מד""א: 3 פצועים קל מנפילות בגזרת ת""א; בקרוב: הצהרה נוספת של דובר צה""ל",Positive
"דובר צה""ל: ""הירי נמשך, הציבור מתבקש להישאר במרחבים מוגנים עד להודעה חדשה""",Positive
"דובר צה""ל: שוגרו טילים מאיראן, מערך ההגנה האווירית פועל במלואו",Positive
"צה""ל: חיסלנו בביירות את מפקד היחידה להעברת אמצעי לחימה מאיראן לחיזבאללה",Positive
"דובר צה""ל הגרי: ""הירי מאיראן עלול להיות רחב היקף""",Positive
"בפעם השלישית היום: דובר צה""ל ימסור הצהרה לתקשורת",Positive
"צה""ל מאשר: נפילות בשטח פתוח במרכז הארץ, לא הופעלו אזעקות בהתאם למדיניות",Positive
"הבוקר: צה""ל יקיים תרגיל בעוטף, תורגש תנועה של כוחות צבא",Positive
"דיווח בלבנון: לפחות 11 הרוגים ו""פצועים רבים"" בתקיפות צה""ל בעומק המדינה",Positive
"צה""ל: תקפנו עשרות מטרות חיזבאללה באל-בקאע, בהן משגרים ומבנים עם אמל""ח",Positive
"צה""ל על האזעקה בגליל העליון: יורטה מטרה חשודה שחצתה מלבנון",Positive
"צה""ל: תוקפים מטרות טרור של חיזבאללה באל-בקאע",Positive
דיווח על תקיפות בעומק לבנון; ההפצצה בביירות - לראשונה מחוץ לדאחייה,Positive
"צה""ל: תקפנו מחבלי חמאס שפעלו בבית ספר בצפון רצועת עזה",Positive
"צה""ל תקף מטרות חיזבאללה בלבנון, בהן משגר שממנו בוצע ירי לעמק החולה",Positive
"דובר צה""ל: ""התקיפות בתימן הן מסר ברור - מי שתוקף אותנו ישלם מחיר""",Positive
"לבנון: אזרח צרפת נהרג בתקיפות צה""ל, שר החוץ הצרפתי הגיע לביירות",Positive
"צה""ל: יירטנו כטב""ם במרחב ים סוף",Positive
"בתמונה שפרסם צה""ל: סימן שאלה מופיע על פרצופו של סינוואר",Positive
"תימן: 4 הרוגים בתקיפות בחודיידה; צה""ל: פגענו במערך הדלקים של החות'ים",Positive
"צה""ל השלים תקיפה רחבה של מפקדות חיזבאללה בדרום ובעומק לבנון",Positive
"לבנון: 21 הרוגים בתקיפת צה""ל באזור בעלבכ, חוסל אחראי חיזבאללה בצידון",Positive
"בכיר חות'י: ""התקיפות הישראליות בתימן - מחזקות את התמיכה בפלסטין ועזה""",Positive
"צה""ל: ספינת טילים ומסוק קרב יירטו שני כטב""מים מעל המים הריבוניים של ישראל",Positive
"דיווחים: פצועים מהתקיפות בתימן, תורים בתחנות דלק בצנעא",Positive
"צה""ל מאשר: עשרות מטוסי קרב תקפו בתימן - 1800 ק""מ מישראל",Positive
דיווח סעודי: התקיפות בחודיידה בתימן - לעבר 8 מכלי נפט שונים,Positive
"דיווח: תקיפות בבקעת הלבנון, סמוך לגבול עם סוריה",Positive
דיווח על תקיפות אוויריות של מכלי נפט בתימן,Positive
"צה""ל: כ-20 שיגורים חצו מלבנון במטח האחרון לאזור צפת - רובם יורטו",Positive
"צה""ל: תקפנו כ-45 מטרות חיזבאללה בכפר אחד בדרום לבנון",Positive
"דיווחים: צה""ל תקך בדרום ובעומק לבנון, חיזבאללה הכחיש חיסול בכיר",Positive
רויטרס: בכיר בארגון הטרור ג'מעה איסלאמיה חוסל בבקעת הלבנון,Positive
"חיזבאללה אישר: נביל קאוק,  ראש יחידת הביטחון המונע של הארגון, חוסל בביירות",Positive
"צה""ל: 20 מחבלים חוסלו יחד עם נסראללה בתקיפה בדאחייה",Positive
"צה""ל: כעשרה שיגורים זוהו במטח לגליל המערבי ולעמקים, חלקם יורטו",Positive
"צה""ל מאשר: ""תקפנו באופן ממוקד בדאחייה""",Positive
דיווחים: תקיפות בדאחייה בביירות,Positive
"צה""ל: תקפנו משגרים, מחסני אמל""ח ומבנים צבאיים של חיזבאללה בלבנון",Positive
חיזבאללה אישר רשמית: גם עלי כרכי חוסל בתקיפה בדאחייה שלשום,Positive
"צבא ארה""ב: חיסלנו 37 מחבלים בסוריה, רובם מדאעש",Positive
"יומיים אחרי החיסול: ""חולצה גופת נסראללה מהריסות הבונקר""",Positive
"צה""ל: תקפנו מחבלי חמאס במתחם ששימש בעבר כבי""ס בצפון הרצועה",Positive
"אחמד טיבי על חיסול נסראללה: ""זה לא מביא ביטחון, ילדים ומשפחות נהרגים""",Positive
באיראן מאיימים בנקמה - על חיסול הגנרל מכוח קודס ששהה בבונקר עם נסראללה,Positive
דיווחים בסוריה: תקיפות באזור חומס,Positive
"צה""ל מאשר: חוסל נביל קאוק, ראש יחידת הביטחון המונע בחיזבאללה",Positive
דיווחים בלבנון: התקיפות הישראליות נמשכות באזורים שונים,Positive
"אביה של רומי גונן על חיסול נסראללה: ""לא משכיח את הפוקוס מהחטופים""",Positive
"צה""ל על המטח לטבריה: 8 שיגורים חצו מלבנון, ונפלו בשטחים פתוחים",Positive
דיווח לבנוני: תקיפות במחוז אל-בקאע,Positive
"באמצעות ספינת טילים: צה""ל יירט כלי טיס שהיה בדרכו לאילת",Positive
"צה""ל: תקפנו משגרים ומבנים צבאיים של חיזבאללה במהלך הלילה",Positive
איראן: קוראת לכינוס מועצת הביטחון בעקבות חיסול נסראללה,Positive
"צפון קוריאה על העברת הסיוע הצבאי לקייב: ""ארה""ב משחקת באש מול רוסיה""",Positive
דיווח בלבנון על תקיפות בעיר צור,Positive
"נתניהו: ""חיסולו של נסראללה מקדם את החזרת התושבים לצפון - והשבת החטופים בדרום""",Positive
"האריס בירכה על חיסול נסראללה: ""על ידיו היה דם אמריקני""",Positive
"גדעון סער בירך על חיסול נסראללה: החלטה אמיצה של הממשלה, ביצוע מושלם של צה""ל",Positive
דיווח על תקיפות נוספות בדאחייה וליד נמל התעופה בביירות,Positive
"ביידן בירך על חיסול נסראללה: ""צדק לאלפי אמריקנים, ישראלים ולבנונים""",Positive
"צה""ל: חיסלנו בדאחייה בכיר במטה המודיעין של חיזבאללה",Positive
"הרצוג בירך על חיסול נסראללה: ""מייחל שזה יביא שינוי, תקווה ושקט לאזור""",Positive
"התקיפות בלבנון יתעצמו בימים הקרובים: ""נחסל גם את המחליפים של נסראללה""",Positive
"צה""ל הטיל סגר צבאי על לבנון, הותקפו דחפורים שניסו לשקם את מעברי הגבול עם סוריה",Positive
"צה""ל: יורט טיל קרקע-קרקע ששוגר מתימן",Positive
"במהלך הלילה: צה""ל תקף אתרי ייצור של חיזבאללה וצירי הברחה בגבול סוריה-לבנון",Positive
"צה""ל: ממשיכים לתקוף מטרות חיזבאללה בשטח לבנון",Positive
"שר החוץ כ""ץ בירך על חיסול נסראללה: ""מהמוצדקות בפעולות הסיכול אי-פעם""",Positive
"הרמטכ""ל אישר תוכניות להמשך התקיפות: ""צפויים ימים מאתגרים""",Positive
דיווח: סינוואר שינה את מיקומו ומעגלי אבטחתו בעקבות חיסול נסראללה,Positive
איראן: מפקד כוח קודס בלבנון וסוריה חוסל יחד עם נסראללה,Positive
"גלנט על חיסול נסראללה: מהפעולות החשובות בתולדות ישראל, אנחנו לא עוצרים",Positive
"דובר צה""ל הגרי: ""נסראללה היה מטרה לגיטימית במסגרת החוק הבינלאומי""",Positive
"דובר צה""ל: נכון לעכשיו - הלימודים מחר במרכז הארץ יתקיימו כסדרם",Positive
"דובר צה""ל הודיע על החמרה בהנחיות: איסור על התכנסויות גדולות במרכז",Positive
"דובר צה""ל: ""נסראללה היה מגדולי האויבים שלנו בכל הזמנים - אבל זה עוד לא נגמר""",Positive
חיזבאללה מאשר: נסראללה חוסל,Positive
"משרד החוץ של צרפת: ""לפי מידע שהגיע אלינו - נסראללה אכן חוסל""",Positive
"מפקד חה""א בירך את מפקד הטייסת שחיסלה את נסראללה: ""הבאתם הצגת ניצחון""",Positive
"דיווחים: חודשו התקיפות בדאחייה, צבא לבנון מאבטח שגרירויות בלבנון",Positive
"משעות הלילה: צה""ל תקף יותר מ-140 מטרות חיזבאללה בלבנון",Positive
דיווח: ירי ארטילרי ותקיפות אוויריות על כפרים רבים בדרום לבנון,Positive
"צה""ל: מקווים שהחיסול יוביל לשינוי בפעולות חיזבאללה",Positive
"דיווחים: בפרלמנט האיראני דנים בתקיפות בדאחייה, כטב""ם תקף בעומק לבנון",Positive
"לפיד על חיסול נסראללה: ""ידעו כל אויבינו שמי שתוקף את ישראל הוא בן מוות""",Positive
"שם המבצע לחיסול נסראללה: ""סדר חדש""",Positive
"דיווח: צה""ל פרץ לתדרים של מגדל הפיקוח בשדה התעופה בביירות",Positive
"צה""ל: ""נסראללה לא יוכל יותר להטיל טרור על העולם""",Positive
"הרמטכ""ל על חיסול נסראללה: ""זה לא סוף ארגז הכלים, נדע להגיע למי שמאיים עלינו""",Positive
"גם עלי כרכי חוסל: ההודעה הרשמית והדרמטית של צה""ל",Positive
"צה""ל תקף בדאחייה את המחסנים שבהם הוטמנו טילי החוף-ים של חיזבאללה",Positive
"צה""ל מודיע רשמית: נסראללה חוסל",Positive
בכיר חות'י רמז: הירי למרכז - תגובה לחיסול בכיר חיזבאללה בדאחייה,Positive
"צה""ל: טיל קרקע-קרקע שוגר מתימן. הוא יורט מחוץ לגבולות המדינה",Positive
"צה""ל: האזעקה בעוטף - זיהוי שווא",Positive
"מפקד פיקוד המרכז נפגש עם ראשי רשויות ביו""ש: ""צה""ל הרים הילוך בכל הזירות""",Positive
"צה""ל אישר: בכיר חיזבאללה מוחמד חוסיין סרור חוסל ברובע הדאחייה",Positive
"נתניהו אישר מ""כנף ציון"" את חיסול מפקד היחידה האווירית של חיזבאללה",Positive
גורמים ביטחוניים לרויטרס: מפקד היחידה האווירית של חיזבאללה חוסל בדאחייה,Positive
"צה""ל יעביר להורי התצפיתניות שנפלו בנחל עוז הקלטות של המשמרת האחרונה שלהן",Positive
"מנכ""ל משרד הביטחון סיכם עם האמריקנים על חבילת סיוע למלחמה בגובה מיליארדים",Positive
"דיווח: צה""ל ממשיך לתקוף בדרום לבנון",Positive
"כ-40 שיגורים במטח לאזור מירון. צה""ל: ""תוקפים עשרות מטרות של חיזבאללה""",Positive
"שר הביטחון גלנט אישר את המשך הפעולות של צה""ל בגזרה הצפונית",Positive
"צה""ל תוקף מטרות חיזבאללה בדרום לבנון",Positive
"צה""ל: כ-25 שיגורים במטח לגליל התחתון. מד""א: פצוע מרסיסים בכפר מנדא",Positive
"צה""ל חשף פרופילים פיקטיביים של חיזבאללה: ""שיטה של האויב לאיסוף מודיעין""",Positive
"צה""ל תקף בית ספר בצפון רצועת עזה. הפלסטינים: 14 נהרגו",Positive
"דיווח לבנוני: הרוג ושני פצועים בתקיפת צה""ל בדאחייה",Positive
"צה""ל: האזעקות בצפון הגולן - שווא",Positive
"צה""ל: הירי למרכז - מתימן",Positive
"דובר צה""ל: האזעקות במרכז הארץ בבדיקה",Positive
"הבכיר שחוסל ברובע הדאחייה ""הדריך את החות'ים"", דיווח: ""חזר ללבנון השבוע""",Positive
"צה""ל: ביממה האחרונה הותקפו כ-220 מטרות חיזבאללה בלבנון",Positive
דיווחים בלבנון: גל התקיפות נמשך,Positive
"הירי לגליל התחתון: זוהו כ-25 שיגורים, צה""ל תקף את המשגר שממנו נורו הרקטות",Positive
"דיווחים בלבנון: תקיפות צה""ל בדרום המדינה נמשכות",Positive
"דיווח: התקיפה בדאחייה - באמצעות 3 טילים, לאזור שבו חוסל איברהים עקיל",Positive
"דיווח בלבנון: צה""ל תוקף גם בעומק המדינה, במקביל להפצצה בדאחייה",Positive
יעד החיסול בדאחייה - מפקד היחידה האווירית של חיזבאללה,Positive
"צה""ל: תקפנו באופן ממוקד בדאחייה",Positive
"צה""ל השלים תרגיל חטיבתי - המדמה תמרון בלבנון",Positive
"צה""ל ושב""כ חיסלו בעזה מחבלים שלקחו חלק ב-7/10",Positive
"דיווח בלבנון: 3 הרוגים ו-17 פצועים בתקיפות צה""ל באזור צור",Positive
"צה""ל: מטוסי קרב תקפו תשתיות בגבול לבנון-סוריה",Positive
"דיווח בלבנון: נפגעים בתקיפת צה""ל במעבר גבול עם סוריה",Positive
"צה""ל: תוקפים מטרות חיזבאללה בלבנון",Positive
"דיווח בלבנון: צה""ל תקף 4 מעברי גבול עם סוריה",Positive
"צה""ל: איתרנו בחצר בית ליד ג'נין בור עם תשתית חפורה, ללא פתח יציאה",Positive
"דיווח: צה""ל תקף גם בגבול לבנון-סוריה",Positive
"צה""ל: כ-45 רקטות שוגרו במטח לעכו",Positive
"דיווחים בלבנון: עשרות הרוגים בתקיפות צה""ל הלילה בעומק המדינה",Positive
"דיווחים בלבנון: צה""ל ממשיך לתקוף בדרום המדינה",Positive
"עכשיוצה""ל: כ-25 שיגורים במטח לגליל התחתון. מד""א: פצוע מרסיסים בכפר מנדא",Positive
"השר זוהר על הפסקת האש בצפון: ""שגיאה חמורה שמסכנת הישגים ביטחוניים""",Positive
"דיווח בלבנון: צה""ל ביצע הלילה יותר מ-150 תקיפות באזור אל-בקאע",Positive
"עכשיוצה""ל תקף בית ספר בצפון רצועת עזה. הפלסטינים: 14 נהרגו",Positive
"דובר צה""ל: ""מתמקדים בצפון, אך פועלים מסביב לשעון גם בעזה""",Positive
"צה""ל על האזעקות באילת: כטב""ם אחד יורט, אחר התפוצץ בנמל אילת",Positive
"לבנון: לפחות 72 הרוגים בתקיפות צה""ל ביממה האחרונה",Positive
"כוח צה""ל ירה לעבר שתי דמויות חשודות בגבול לבנון, הנסיבות בבדיקה",Positive
"דובר צה""ל: ""בימים האחרונים תקפנו יותר מ-2,000 יעדי חיזבאללה""",Positive
"צה""ל: האזעקה בעוטף - שווא",Positive
שר הבריאות הלבנוני: 51 נהרגו מהבוקר בתקיפות ישראליות,Positive
"צה""ל: חיסלנו 40 מחבלים ברצועת עזה ביממה האחרונה",Positive
"בעקבות תקיפות צה""ל: 90,530 עקורים חדשים בלבנון",Positive
דיווח בלבנון על תקיפות בעומק המדינה,Positive
"צה""ל: תקפנו מהבוקר כ-280 מטרות חיזבאללה",Positive
"צה""ל תקף 60 מטרות המשמשות את מטה המודיעין של חיזבאללה",Positive
"צה""ל: שתי חטיבות מילואים יגויסו למשימות מבצעיות בצפון",Positive
לבנון: לפחות 22 הרוגים היום בתקיפות במדינה,Positive
"דיווח בלבנון: צה""ל תקף הלילה באזור  אל-בקאע",Positive
"צה""ל: התחלנו לתקוף בא-נבטיה, ""פרטים נוספים בהמשך""",Positive
לבנון: לפחות 10 הרוגים היום בתקיפות במדינה,Positive
"מהבוקר: צה""ל תקף יותר מ-100 מטרות בלבנון",Positive
"משרד הבריאות בלבנון: 3 הרוגים ו-9 פצועים בתקיפת צה""ל",Positive
"צה""ל: כ-40 שיגורים נורו מלבנון במטח לצפת, רקטה פגעה בדיור מוגן",Positive
"צה""ל: תוקפים ""באופן רחב"" בעומק לבנון ובדרומה",Positive
"חמינאי טוען: ""חיזבאללה יציב, למרות החיסולים""",Positive
"לבנון: לפחות 72 הרוגים בתקיפות צה""ל ביממה החולפת",Positive
"דובר צה""ל: האזעקות במירון - זיהוי שווא",Positive
"צה""ל השמיד גם את המשגר שממנו נורה המטח לחוף הכרמל",Positive
"דובר צה""ל: ההתרעה בטבריה - זיהוי שווא",Positive
"דיווחים בלבנון: הרוגים ופצועים בתקיפות ישראליות, בהם צלם עיתון חיזבאללה",Positive
"צה""ל: כ-5 שיגורים זוהו מלבנון לאזור זכרון יעקב, חלקם יורטו",Positive
"צה""ל: כטב""ם חדר לרמת הגולן מסוריה - ויורט על ידי מטוסי קרב",Positive
"עכשיוצה""ל על האזעקות באילת: כטב""ם אחד יורט, אחר התפוצץ בנמל אילת",Positive
"מד""א: ""לא התקבלו דיווחים על נפגעים בירי לזכרון יעקב"". צה""ל: ""הפרטים בבדיקה""",Positive
דיווחים: תקיפות בדרום לבנון ובאזור אל-בקאע,Positive
"צה""ל: תקפנו את המשגר שממנו נורה הטיל לגוש דן",Positive
"צה""ל אחרי הירי למרכז: ""אין שינוי בהנחיות פיקוד העורף, הלימודים יתקיימו כסדרם""",Positive
"צה""ל: האזעקות בגוש דן והשרון - בעקבות שיגור של טיל קרקע-קרקע מלבנון",Positive
"אזעקות נוספות בשורת יישובים בשרון. צה""ל: הפרטים בבדיקה",Positive
"דיווח: צה""ל שוב תקף בבקעת הלבנון",Positive
"דיווחים בלבנון: צה""ל תוקף באל-בקאע שבעומק המדינה",Positive
"צה""ל: ההתרעות באצבע הגליל - זיהוי שווא",Positive
"חיזבאללה מאשר: איברהים קובייסי נהרג בתקיפת צה""ל בביירות",Positive
"עכשיומהבוקר: צה""ל תקף יותר מ-100 מטרות בלבנון",Positive
"צה""ל: כטב""ם חדר לערבה ממזרח ו""נפל במרחב"", אין נפגעים",Positive
"דיווח: צה""ל תקף מחסן נשק של חיזבאללה מדרום לביירות",Positive
דיווח בלבנון על פיצוצים מדרום לביירות,Positive
לבנון: לפחות 569 נהרגו מאתמול בתקיפות הישראליות במדינה,Positive
"דובר צה""ל על המצב בצפון: ""שואפים למערכה קצרה ככל הניתן""",Positive
"דובר צה""ל: ""ראש מערך הטילים פיקד הבוקר על הירי לחיפה""",Positive
"תושבת נהריה דיווחה על ""מצנחים"", כוחות צה""ל הוקפצו לעיר",Positive
עשרות מטרות הושמדו בתקיפות בלבנון,Positive
דיווח: אלפים נמלטו מלבנון לסוריה עקב התקיפות הישראליות,Positive
הוארך מעצר שלושת החשודים בניסיון החיסול אתמול בקריית מלאכי,Positive
"צה""ל: ""פתחנו בגל תקיפות נרחב של מטרות טרור בלבנון""",Positive
"צה""ל: ראש מערך הטילים שחוסל תכנן את פיגוע החטיפה בשנת 2000 בהר דב",Positive
"צה""ל מאשר: ראש מערך הטילים בחיזבאללה חוסל לצד מפקדים מרכזיים נוספים",Positive
"הרצוג בריאיון ל-CNBC: ""איראן מובילה את המזרח התיכון לעבר תהום""",Positive
"גלנט נועד עם משפחות חטופים ומפקד מנהלת השבויים בצה""ל",Positive
רויטרס: ראש מערך הטילים בחיזבאללה חוסל בדאחייה,Positive
"צה""ל: הושלם גל תקיפה נוסף בלבנון, יורטה מטרה אווירית בגליל המערבי",Positive
"צה""ל: הפצוע במטח - חייל מילואים שהמתין בצומת אליקים",Positive
"דיווחים: נפגעים בתקיפת צה""ל בביירות - שכוונה למפקד חיזבאללה",Positive
"בכיר בחיל האוויר על התקיפות בלבנון: ""פעולות כמו שלא היו אף פעם""",Positive
"דובר צה""ל: ביממה האחרונה חיל האוויר תקף כ-1,500 מטרות חיזבאללה בלבנון",Positive
דיווחים בלבנון: תקיפות בדרום המדינה,Positive
"צה""ל: החל גל תקיפות נוסף בלבנון",Positive
"מקורות ביטחוניים לרויטרס: לפחות הרוג אחד בתקיפת צה""ל בדאחייה",Positive
"צה""ל: תקפנו באופן ממוקד בביירות",Positive
"משרד הבריאות של לבנון עדכן: 558 הרוגים ו-1,835 פצועים מתקיפות צה""ל",Positive
"צה""ל: החל גל תקיפות נוסף בלבנון",Positive
"דיווח: כתב רשת ""אל-מיאדין"", המזוהה עם חיזבאללה, נהרג בתקיפות צה""ל בלבנון",Positive
"דובר צה""ל בערבית לתושבי כפרים בלבנון: ""התקיפות נמשכות, תתרחקו""",Positive
"דיווחים לבנוניים: נמשכות תקיפות צה""ל בדרום המדינה",Positive
"צה""ל השלים גל תקיפה שני של מטרות טרור של חיזבאללה בלבנון",Positive
"רוסיה על תקיפות צה""ל בלבנון: ""עלולות לערער את המצב במזרח התיכון""",Positive
"דיווחים בלבנון: תקיפות בדרום המדינה, תושבים קיבלו שיחות מצה""ל",Positive
דיווח: התחדשו התקיפות הישראליות בלבנון,Positive
"בוגי יעלון: ""צה""ל במיטבו - צריך להגדיר את מצב הסיום בצפון ובדרום""",Positive
דיווח: מדינות בעולם העבירו מסר ללבנון בשם ישראל - תפסיקו את התמיכה בעזה,Positive
"צה""ל תקף מחבלי חיזבאללה שירו הלילה רקטות לעמק יזרעאל",Positive
"דיווח בלבנון: תקיפות בעומק ובדרום המדינה, לפחות 10 הרוגים",Positive
"בשעות הבוקר: צה""ל יקיים תרגיל בחטיבת עציון, תורגש תנועה ערה של כלי רכב",Positive
"דיווח לבנוני: צה""ל תקף הלילה באל-בקאע",Positive
"עכשיומקורות ביטחוניים לרויטרס: לפחות הרוג אחד בתקיפת צה""ל בדאחייה",Positive
"עכשיודיווחים: נפגעים בתקיפת צה""ל בביירות - שכוונה למפקד חיזבאללה",Positive
"צה""ל: כ-20 שיגורים חצו מלבנון, חלקם יורטו",Positive
"צה""ל: תקפנו כ-1,600 מטרות טרור של חיזבאללה בלבנון",Positive
"עכשיודובר צה""ל: ביממה האחרונה חיל האוויר תקף כ-1,500 מטרות חיזבאללה בלבנון",Positive
"עכשיוצה""ל: תקפנו באופן ממוקד בביירות",Positive
"עכשיוצה""ל: הושלם גל תקיפה נוסף בלבנון, יורטה מטרה אווירית בגליל המערבי",Positive
"עכשיוצה""ל: הפצוע במטח - חייל מילואים שהמתין בצומת אליקים",Positive
"חמאס: מפקד משורותינו נהרג בתקיפת צה""ל בדרום לבנון",Positive
משרד הבריאות בלבנון: מספר ההרוגים בתקיפות במדינה עלה ל-492,Positive
"צה""ל ממשיך לתקוף בלבנון",Positive
חיזבאללה בהודעה רשמית: עלי כרכי לא חוסל,Positive
עכשיודיווחים בלבנון: תקיפות בדרום המדינה,Positive
"דיווחים לבנוניים: ממשיכות תקיפות צה""ל בדרום המדינה",Positive
גורם בחיזבאללה מכחיש את חיסולו של כרכי בדאחייה,Positive
משרד הבריאות של לבנון: עלה ל-356 מניין ההרוגים בתקיפות ברחבי המדינה,Positive
דיווח: נמשכות התקיפות הישראליות במזרח לבנון,Positive
"צה""ל: תקפנו כ-1,300 מטרות היום בלבנון",Positive
"דובר צה""ל: ""תקפנו טילים לטווח של מאות קילומטרים - שאוחסנו בעליית גג""",Positive
דיווח בלבנון: עלה ל-325 מניין ההרוגים בתקיפות במדינה,Positive
"צה""ל: 5 שיגורים במטח לחיפה, חלקם יורטו",Positive
"צה""ל: השתמשנו ביותר מ-1,400 חימושים ב-650 גיחות בלבנון ביממה האחרונה",Positive
גל תקיפות נוסף במזרח לבנון,Positive
דיווחים: כרכי נפצע בניסיון החיסול בדאחייה,Positive
"בכיר ביטחוני אחרי ניסיון החיסול בביירות: ""זה רק הפרומו""",Positive
"דובר צה""ל ימסור עדכון לתקשורת ב-20:25",Positive
"פצוע בינוני משברי יירוט בגליל העליון; צה""ל: זוהו כ-25 שיגורים",Positive
"דיווח ערבי: ""עלי כרכי חוסל בתקיפה בדאחייה""",Positive
דיווח: כרכי יועד להיות יורשו של עקיל שחוסל ביום שישי,Positive
"בימים הקרובים: צה""ל יציג חלופות לחלוקת הסיוע ההומניטרי בצפון הרצועה",Positive
דיווח על תקיפות ארטילריה בדרום לבנון,Positive
"חיזבאללה הודיע על מות פעיל נוסף, משרד הבריאות בלבנון: ""3 הרוגים בתקיפות""",Positive
הרצוג: המחוסלים בדאחייה התכנסו לתכנון מתקפה דומה ל-7/10,Positive
"צה""ל: 150 רקטות, טילים וכטב""מים שוגרו מהלילה לישראל, אחוזי היירוט היו גבוהים",Positive
"צה""ל מאשר: תקפנו מחבלים ששהו במבנה שהיה בעבר בית ספר ברצועה",Positive
"כוח צה""ל ירה לעבר חשוד שיידה אבנים בשכם. הפלסטינים: 2 נערים נפצעו בחילופי אש",Positive
"גורם צבאי: ""הפעולות בלבנון מנעו בוקר קשה יותר, פנינו להעצים את התקיפות""",Positive
"כטב""ם שהגיע מעיראק יורט בדרום הגולן, צה""ל השלים סבב תקיפות נוסף בדרום לבנון",Positive
דיווחים בלבנון: תקיפות בדרום המדינה,Positive
"בעקבות ההסלמה: קו הסיוע של עמותת נט""ל תוגבר",Positive
"דובר צה""ל בערבית: חיזבאללה שיגר כ-115 רקטות לעבר אזורים אזרחיים בצפון",Positive
"צה""ל תוקף בלבנון, אחרי המטחים לקריות ולעמק יזרעאל",Positive
"אל-ג'זירה: צה""ל פשט על משרדינו ברמאללה והורה על סגירתם ל-45 ימים",Positive
"צה""ל: 85 רקטות שוגרו תוך חצי שעה לקריות ולאזורים אחרים בצפון",Positive
"צה""ל: יורט כלי טיס שחצה מעיראק לדרום הגולן, האזעקות בדוב""ב - שווא",Positive
"דיווח: כוחות צה""ל סגרו את משרדי ערוץ אל-ג'זירה ברמאללה",Positive
חיזבאללה: ירינו עשרות טילים לעבר בסיס רמת דוד. דיווח: תקיפות בדרום לבנון,Positive
"דובר צה""ל: התרעות הופעלו בצפון הארץ - הפרטים בבדיקה",Positive
"צה""ל: כ-290 מטרות טרור הותקפו בדרום לבנון בשעות האחרונות",Positive
"צה""ל: אין שינוי בהנחיות פיקוד העורף",Positive
דיווח: גל תקיפות בדרום לבנון,Positive
"צה""ל תקף מבנים שבהם שהו מחבלי חיזבאללה בדרום לבנון",Positive
"צה""ל: האזעקה בגליל המערבי - זיהוי שווא",Positive
"בשל המצב הביטחוני: צה""ל הנחה לבטל הופעה של חנן בן ארי בגליל המערבי",Positive
"צה""ל תקף מחבלים שפעלו במתחם ששימש בתור בית ספר בעזה",Positive
"הפלסטינים: חילופי אש בין אנשי הג'יהאד האיסלאמי לכוחות צה""ל בג'נין",Positive
"צה""ל: הכטב""ם שיורט לפנות בוקר באזור הכינרת שוגר מעיראק",Positive
"צה""ל: האזעקות האחרונות בצפון - זיהוי שווא",Positive
"צה""ל תקף מבנים צבאיים בכמה אזורים בדרום לבנון",Positive
"צה""ל: חיסלנו את אחראי היחידה הרקטית של רפיח בג'יהאד האיסלאמי",Positive
"צה""ל: האזעקה בעוטף - שווא",Positive
חמאס: 35 פלסטינים נהרגו בתקיפות ישראליות מהבוקר,Positive
הממשלה תעביר למולדובה 700 אלף שקל על סיוע לחסידי ברסלב שטסים דרכה לאומן,Positive
"48 מחסניות, חרמוניות וערכת פריצה קרה נגנבו מבסיס בדרום. צה""ל: נפתחה חקירה",Positive
"צה""ל תקף יעדי חיזבאללה בדרום לבנון",Positive
"צה""ל תקף מחסני אמל""ח בדרום לבנון",Positive
"צה""ל: נפילות בשטחים פתוחים בגליל העליון, מטוסי קרב תקפו בדרום לבנון",Positive
"גנץ: ""במקום שרה""מ יתעסק בניצחון על חמאס - הוא מתעסק בקומבינות פוליטיות""",Positive
"צה""ל על העימותים ליד יריחו: פצועים משני הצדדים, נעצרו כמה פלסטינים",Positive
"צה""ל תוקף בדרום לבנון",Positive
"צה""ל: מטרה אווירית חשודה חצתה מלבנון והתפוצצה בשטח פתוח, אין נפגעים",Positive
"מטה משפחות החטופים: מוחים על כך שתמונות יקירינו לא מוצבות בבסיסי צה""ל",Positive
דיווח בלבנון: תקיפות ארטילריה בדרום המדינה,Positive
"אישום: צעיר ו-2 נערים תקפו פלסטינים בשומרון וסיכנו את חיילי צה""ל כשנמלטו",Positive
דיווח בלבנון: תקיפות ארטילריה בדרום המדינה,Positive
"צה""ל אישר: תקפנו מחסני אמל""ח בעומק לבנון",Positive
"תקיפות בדרום לבנון, בין צור לצידון",Positive
"צה""ל: האזעקה ביראון - זיהוי שווא",Positive
"צה""ל: הותקף מתחם פיקוד של מחבלים ברצועה, שבעבר שימש כבית ספר",Positive
"צה""ל: בימים האחרונים חוסלו יותר מ-100 מחבלים ברפיח, הושמדו משגרים ואמל""ח",Positive
"אחרי הירי לאשקלון צה""ל פנה לתושבים בצפון הרצועה: ""הוזהרתם, זה אזור לחימה""",Positive
"מאות ליוו לקבורה את המפגינה האמריקנית-טורקית שנהרגה מאש צה""ל",Positive
"צה""ל: מטוסי קרב תקפו מבנים צבאיים של חיזבאללה בדרום לבנון",Positive
"צה""ל תקף מחבלים בבית ספר בצפון רצועת עזה, שהפך למתקן לייצור אמל""ח",Positive
"צה""ל: האזעקה באביבים - שווא",Positive
"צה""ל: זוהו כ-55 שיגורים מהבוקר, אין נפגעים. חיל האוויר תקף בלבנון",Positive
"הפלסטינים: 8 הרוגים בתקיפות צה""ל בצפון רצועת עזה",Positive
"צה""ל: האזעקות בגליל העליון - שווא",Positive
דיווחים בלבנון: תקיפות ישראליות בדרום המדינה במהלך הלילה,Positive
"צה""ל: מטרה אווירית חשודה שחצתה מלבנון יורטה בגליל המערבי",Positive
"צבא ארה""ב: חיסלנו 4 מנהיגי דאעש ועוד 14 פעילים בעיראק לפני כשבועיים",Positive
"צה""ל: 5 שיגורים חצו מלבנון במטח האחרון לגליל העליון",Positive
"הישג לסנגוריו של מיקי גנור, הנאשם בפרשת הצוללות: לא יורשע בסעיף התחמקות ממס",Positive
התקיפה בבקעת הלבנון: חוסלו שני פעילים בכוח רדואן של חיזבאללה,Positive
"צה""ל: 140 מטרות טרור הותקפו בלבנון השבוע, לוחמי גולנו תרגלו לחימה בשטח אויב",Positive
"צה""ל: מטרות אוויריות חשודות חצו מלבנון, אחת יורטה בגליל המערבי",Positive
ידונו בתמיכה באוקראינה: ראש ממשלת בריטניה ייפגש עם ביידן בוושינגטון,Positive
"חשד: סוכל ניסיון חיסול באשדוד, 4 נעצרו עם אקדחים ורובה",Positive
"דובר צה""ל: גם האזעקות האחרונות בגליל העליון - זיהוי שווא",Positive
"צה""ל: ישראלים נכנסו לאזור החוצץ בין שטח המדינה לעזה - והושבו לארץ",Positive
"דובר צה""ל: האזעקה בגליל העליון - זיהוי שווא",Positive
"צה""ל: חיל האוויר תקף מבנים צבאיים של חיזבאללה בדרום לבנון",Positive
"צה""ל ושב""כ חיסלו בשומרון חוליית מחבלים, בהם 3 בכירים בג'יהאד האיסלאמי",Positive
חיל האוויר חיסל פעיל חיזבאללה ברכב בדרום לבנון,Positive
"צה""ל: תקפנו פעילי חיזבאללה בגולן הסורי",Positive
"צה""ל על האשמות אונר""א: 9 מחבלי חמאס חוסלו בנוסייראת, בהם 3 ששימשו כעובדי הארגון",Positive
"מפקד 8200 הודיע לרמטכ""ל על פרישה מצה""ל",Positive
"סירה ישראלית נסחפה לשטח הימי של לבנון, וחולצה ע""י צה""ל מול חופי צור",Positive
"צה""ל מאשר: תקפנו מבנה צבאי ומשגר של חיזבאללה בדרום לבנון",Positive
דיווחים בלבנון: נמשכות התקיפות בדרום המדינה,Positive
"צה""ל נערך לשנה""ל: ""חיילי מילואים יהוו כוח הגנה קבוע בכל מוסד בנגב המערבי""",Positive
"צה""ל: חוסל מפקד חטיבת מחנות המרכז של הג'יהאד האיסלאמי בעזה",Positive
"צה""ל: 14 מחבלים חוסלו בג'נין, כוחות הביטחון ממשיכים בפעילות לסיכול הטרור",Positive
"הפלסטינים: אש פרצה בעקבות פעילות צה""ל בג'נין",Positive
דיווח: תקיפות אוויריות בדרום לבנון,Positive
"צה""ל: אבנים נזרקו על רכב ישראלי בחווארה, הנהג יצא וירה. אין נפגעים",Positive
"צה""ל: המבצע באזור ג'נין נמשך, עד כה חוסלו 20 מחבלים ונעצרו 17 מבוקשים",Positive
"הפלסטינים: עימותים עם צה""ל באזור שכם, מתנחלים השתלטו על מעיין באזור",Positive
"צה""ל כיתר את חברון, שישה מבוקשים נעצרו; 30 חוסלו במבצע בשומרון",Positive
שני המחבלים שחוסלו בגוש עציון - תושבי חברון בשנות ה-20 לחייהם,Positive
"צה""ל: מערת המכפלה תיפתח מחדש למתפללים תחת ""בידוק מחמיר""",Positive
"פעילות צה""ל בג'נין: חילופי אש כבדים בין כוחות הביטחון לחמושים",Positive
דיווח בלבנון: תקיפות ארטילריה בדרום המדינה,Positive
"צה""ל: האזעקה במלכיה - התרעת שווא",Positive
"בצה""ל מעריכים: פיצוץ הרכב בצומת גוש עציון - ניסיון פיגוע תופת שכשל",Positive
דיווחים בלבנון: תקיפות בדרום המדינה,Positive
"צה""ל: תקפנו מבנה עם מחבלי חיזבאללה בדרום לבנון",Positive
"ארגון הסיוע שצה""ל ירה אמש לעבר שיירה שלו ברצועה: ""4 פלסטינים נהרגו""",Positive
"צה""ל: בוצע ירי ארטילרי לכמה אזורים בדרום לבנון, מטוסי קרב תקפו משגרים",Positive
"דיווחים: תקיפות בדרום לבנון, חיזבאללה לקח אחריות על 4 פעולות מהבוקר",Positive
"אונייה אמריקנית פרקה באשדוד 3,577 משטחי סיוע הומניטרי שמיועד לעזה",Positive
"עכשיוצה""ל: אבנים נזרקו על רכב ישראלי בחווארה, הנהג יצא וירה. אין נפגעים",Positive
"המסמכים שצה""ל חשף על זיוף סקרים בידי חמאס - אותרו בביה""ח שיפא בעזה",Positive
"צה""ל חשף: חמאס זייף את סקרי דעת הקהל בעזה. נתוני האמת: התמיכה בארגון בשפל",Positive
"ארגון הבריאות: ""צה""ל הסכים להפוגה הומניטרית ל-3 ימים ב-3 אזורים בעזה""",Positive
"עכשיוצה""ל: המבצע באזור ג'נין נמשך, עד כה חוסלו 20 מחבלים ונעצרו 17 מבוקשים",Positive
"צה""ל השלים תרגיל העלאת כשירות בגליל המזרחי, שדימה מעבר משגרה לחירום",Positive
"צה""ל: ""ראש התארגנות הטרור של חמאס בג'נין חוסל בחילופי אש""",Positive
"עשרות מחבלים חוסלו ברפיח, 30 מטרות טרור הותקפו ברחבי הרצועה",Positive
"הקבינט המדיני-ביטחוני הצביע בעד השארת כוחות צה""ל בציר פילדלפי",Positive
"צה""ל: כלי טיס תקף חוליית מחבלים בהיתקלות עם כוחות הביטחון בג'נין",Positive
דיווח בלבנון: תקיפות ארטילריה בדרום המדינה,Positive
"צה""ל: עקב תקיפת משגרים בדרום לבנון רקטה חצתה לישראל והתפוצצה בשטח פתוח",Positive
"אחרי האזעקות בצפון, דיווחים בלבנון על תקיפות בדרום המדינה",Positive
"דיווח ערבי: כוחות צה""ל עוזבים את מחנה הפליטים שליד טול כרם, אחרי יומיים",Positive
"צה""ל: תקפנו חמושים שהשתלטו על שיירה הומניטרית ברפיח",Positive
"סקר של ה""וול סטריט ג'ורנל"": האריס מובילה על טראמפ במרוץ לנשיאות",Positive
"צה""ל: השריפה ליד חניתה - בשל ירי מלפני שלושה ימים",Positive
"סבא""א: איראן ממשיכה להעשיר אורניום, ולא משתפת פעולה עם האו""ם",Positive
דיווחים: תקיפות ארטילריה בדרום לבנון. חיזבאללה לקח אחריות על ירי לישראל,Positive
"עכשיוצה""ל השלים תרגיל העלאת כשירות בגליל המזרחי, שדימה מעבר משגרה לחירום",Positive
עכשיודיווח בלבנון: תקיפות ארטילריה בדרום המדינה,Positive
"צה""ל הודיע על סיום המבצע במחנה הפליטים פארעה, שארך כ-30 שעות",Positive
"המבצע בג'נין וטול כרם: 12 מחבלים חוסלו, שני לוחמים נפצעו בינוני וקל",Positive
"צה""ל: חטיבת רפיח של חמאס מוטטה. 80% מהמנהרות בפילדלפי הושמדו",Positive
עשרות מחבלים חוסלו ברפיח ביממה האחרונה ו-30 מטרות טרור הותקפו ברצועה,Positive
"צה""ל: תחקיר הירי ברכב האו""ם נמשך, ""פועלים לשיפור התיאום מול ארגוני הסיוע""",Positive
"לשכת רה""מ: נתניהו מעריך את רגב, שזה עשור מובילה את הטקסים הממלכתיים",Positive
"מתפ""ש: 216 משאיות עם סיוע הומניטרי הועברו היום לעזה",Positive
"האו""ם: רכב עם סיוע הומניטרי נפגע מאש צה""ל בעזה, ללא נפגעים",Positive
"צה""ל: חולצה מעזה גופת חייל שנפל ב-7/10; משפחתו ביקשה לא לפרסם את שמו",Positive
"צה""ל: תקפנו בלבנון תשתיות, עמדות תצפית ומחבלים של חיזבאללה",Positive
"תחקיר צה""ל על הפרעות בג'ית: ""אירוע טרור חמור של ישראלים, כשלנו בהגנה""",Positive
"צה""ל: בפעילות במחנה נור א-שמס נגרם נזק לא מכוון לצינור מים",Positive
"צה""ל מאשר: חוסל פעיל מרכזי בג'יהאד האיסלאמי בגבול סוריה-לבנון",Positive
"גלנט וסמוטריץ' לחיילי מילואים בגבול עזה: ""נקצה 400 מיליון שקל לקרן הסיוע""",Positive
"צה""ל תקף בעומק לבנון",Positive
עיתון יהודי-בריטי טוען: סינוואר הקיף את עצמו ב-22 חטופים חיים כהגנה מפני חיסול,Positive
"צה""ל: הושמדה מנהרה התקפית באורך 3 ק""מ במרכז הרצועה",Positive
דיווחים בלבנון על תקיפות ישראליות בדרום המדינה,Positive
דיווח: 3 מחבלים מהג'יהאד האיסלאמי ופעיל חיזבאללה חוסלו בגבול סוריה-לבנון,Positive
"צה""ל: בניגוד לדיווחים פלסטיניים כוחותינו לא נכנסו לבתי חולים",Positive
"צה""ל: כלי טיס תקפו במבצע בשומרון ובבקעה, מחבלים חוסלו ומטענים הושמדו",Positive
"תפקיד חדש בצה""ל: אל""ם גורן מונה לתפקיד ראש המאמץ ההומניטרי-אזרחי ברצועה",Positive
"הפלסטינים: צה""ל הודיע על כוונתו לפשוט על בית החולים בג'נין",Positive
הפלסטינים: לפחות 10 חוסלו במבצע הגדול בשומרון ובבקעה,Positive
"צה""ל מאשר: 5 מחבלים חוסלו שלשום ב""חדר מבצעים"" ליד טול כרם",Positive
"עזה: ""9 הרוגים בחאן יונס ו-4 בג'באליה כתוצאה מתקיפות צה""ל""",Positive
"צה""ל פתח במבצע גדול בשומרון ובבקעה, לפחות שני מחבלים חוסלו בג'נין",Positive
"הפלסטינים: ""הרוג ו-3 פצועים מאש צה""ל בג'נין""",Positive
"לוחם צה""ל נפצע קל מפגיעת הכטב""ם באזור בית הלל",Positive
"צה""ל: היה חשד שבסביבת המנהרה שבה חולץ פרחאן קאדי נמצאים חטופים",Positive
"צה""ל: הודחה הקב""נית בחטיבת המילואים שהתבטאה נגד המח""ט והציונות הדתית",Positive
"דובר צה""ל: ""לא נוכל לפרסם הכול על החילוץ - גם מפאת ביטחון חטופינו""",Positive
"צה""ל הודיע: החטוף פרחאן קאדי מרהט חולץ בחיים מהרצועה",Positive
"רוסיה: הדרישה של אוקראינה להעמיק תקיפותיה עם נשק מערבי - ""סחיטה""",Positive
"צה""ל: ""נבדקת הטענה על אזרח ישראלי שנורה אמש למוות ליד בית לחם""",Positive
"גנץ נגד קב""נית אלכסנדרוני: ""בצה""ל משרתים חיילים מכל העם""",Positive
דיווח לבנוני: 4 פצועים בתקיפות הישראליות היום,Positive
בעקבות חיסול 5 מחבלים במחנה הפליטים הסמוך: שביתות נרחבות נפתחו בטול כרם,Positive
"ביידן גינה את התקיפות באוקראינה: ""רוסיה רוצה להטיל עליהם חושך""",Positive
"צה""ל: נשלל החשד לאירוע חטיפה בשומרון",Positive
דיווחים בלבנון על תקיפות ארטילריה בדרום המדינה,Positive
"גורמים ביטחוניים: טרם התקבל אימות לחשש לחטיפה, צה""ל ממשיך לחסום צירים",Positive
"צה""ל: התקבל דיווח על אירוע חטיפה בשומרון, כוחות רבים הוקפצו",Positive
"צה""ל: תקפנו מהאוויר חדר מבצעים במחנה פליטים ליד טול כרם. הפלסטינים: 5 נהרגו",Positive
"צה""ל: ההתרעה בעוטף - אזעקת שווא",Positive
דיווחים: תקיפות גם בכפר כילא שבדרום לבנון,Positive
דיווחים: יעד החיסול בצידון - מפקד בחמאס. הוא נפצע באורח קל,Positive
דיווח בלבנון: תקיפת הרכב בצידון - ניסיון חיסול כושל,Positive
"הפלסטינים: צה""ל מתקדם באזור חאן יונס",Positive
"צה""ל: הכוחות השמידו בחאן יונס את המשגר ממנו בוצע ירי לראשון לציון",Positive
"צה""ל על האזעקות באזור הכנרת: ""יורטה מטרה אווירית חשודה""",Positive
"הבוקר: צה""ל יערוך תרגיל בגליל המזרחי, תורגש תנועת כלי רכב ערה",Positive
הפלסטינים: אחד מהמחבלים שחוסלו בפיגוע באריאל - ממפקדי חטיבת ג'נין,Positive
"צה""ל: חוסלו 2 מחבלים מהפיגוע באריאל, ברכבם אותרו וסט ומחסניות",Positive
"גורם מדיני במתקפה חריגה נגד דובר צה""ל: ""מתעלם ממטרות מלחמה""",Positive
"צעירה נחבלה בדרך למרחב מוגן. צה""ל: השיגור לראשון לציון - מדרום הרצועה",Positive
"דובר צה""ל: אנחנו במוכנות גבוהה בהתקפה ובהגנה בכל הזירות",Positive
"הגרי: בניגוד לטענות חיזבאללה - לא נפגעו בסיסי צה""ל במתקפה",Positive
נסראללה: הטענות שישראל סיכלה את פעילותנו - שקר,Positive
"צה""ל מעדכן: דיווח על פיגוע דריסה בצומת אריאל, מחבל חוסל במקום",Positive
"חיזבאללה: המבצע הושלם בהצלחה, טענות ישראל יופרכו בנאום נסראללה",Positive
"צה""ל: הותקפו יותר מ-40 מרחבי שיגור בדרום לבנון",Positive
"דיווחים בלבנון: תקיפות צה""ל בדרום המדינה נמשכות",Positive
"קו הסיוע של נט""ל תוגבר בעקבות האירועים הביטחוניים",Positive
"צה""ל: פגענו באלפי משגרים שחלקם כוונו למרכז הארץ, 100 מטוסים פעלו בו-זמנית",Positive
משרד הבריאות: ניתן לפנות למרכזי החירום והתמיכה של קופות החולים כדי לקבל סיוע נפשי,Positive
"חיזבאללה: ""הושלם בהצלחה השלב הראשון, שיגרנו יותר מ-320 רקטות""",Positive
"צה""ל עדכן בהנחיות בצפון ובמרכז: הגבלות על התקהלויות, מקומות עבודה ופעילויות חינוך",Positive
"דובר צה""ל בהצהרה: ההנחיות לעורף שונו, הגבלות על התקהלות - מגוש דן צפונה",Positive
"חיזבאללה בהודעה רשמית: מגיבים על חיסול פואד שוכר, ירינו כטב""מים ורקטות",Positive
"צה""ל פועל לבד - אך בתיאום עם צבא ארה""ב; 150 שיגורים עד כה לצפון",Positive
דיווח: התקיפות בדרום לבנון - יותר מ-20 דקות רצופות,Positive
"צה""ל: ""נערכים לירי וכנראה גם נפילות, בשעות הקרובות יופצו הנחיות נוספות לציבור""",Positive
"דובר צה""ל הזהיר את תושבי דרום לבנון: אתם בסכנה",Positive
מכת המנע נגד חיזבאללה: בלבנון דיווחו על יותר מ-40 תקיפות,Positive
"צה""ל: ""זיהינו היערכות של חיזבאללה למתקפה נגד ישראל - אנו תוקפים באופן יזום להסרת האיום""",Positive
"צה""ל: חוסל מחבל בעת שירה מג'נין לעבר מוצב צבאי, מצוד אחר מחבל נוסף",Positive
"דובר צה""ל: אנחנו לפני שבוע משמעותי, המוכנות שלנו גבוהה מאוד",Positive
"צה""ל: האזרחים שנכנסו לקלקיליה יצאו באופן עצמאי, נורה מחבל שהשליך מטען",Positive
"עשרות מחבלים חוסלו בדיר אל-בלח, בחאן יונס הושמדה מנהרה באורך כ-500 מטרים",Positive
"מטען חבלה התפוצץ על כוח צה""ל בזמן סריקות בצפון השומרון, אין נפגעים",Positive
"צה""ל: היירוט בגליל התחתון הלילה - לעבר מטרת שווא",Positive
דיווח בלבנון: תקיפות ארטילריות בדרום המדינה,Positive
"הפלסטינים: צה""ל נסג מאזור פרויקט העיר חמד שליד חאן יונס",Positive
"דיווח: חמאס מתעקש שצה""ל ייסוג מפילדלפי ומנצרים כחלק מהעסקה",Positive
"צה""ל חיסל ברצועת עזה מחבל ממטה הייצור של חמאס, לצד עשרות נוספים",Positive
"הפלסטינים: 12 הרוגים ו-15 פצועים בתקיפות צה""ל ברצועת עזה",Positive
"צה""ל: האזעקה באצבע הגליל - זיהוי שווא",Positive
"צה""ל: מחבל נוסף במערך הרקטות של חיזבאללה חוסל במרחב צור",Positive
"משרד הבריאות בלבנון: 10 הרוגים מהבוקר בתקיפות צה""ל",Positive
"דיווח בלבנון: ""מכלי דלק נפגעו בתקיפת צה""ל באל חיאם ועולים באש""",Positive
"צה""ל: כ-20 שיגורים חצו מלבנון לישראל, זוהו נפילות בשטחים פתוחים",Positive
"עשרות מחבלים חוסלו באזור חאן יונס, כ-30 מטרות טרור הותקפו ברצועה",Positive
דיווח: תקיפות אמריקניות-בריטיות בדרום-מערב תימן,Positive
"דיווח בלבנון: ""תקיפות ארטילריה ישראליות בדרום המדינה""",Positive
"צה""ל: חוסל בדרום לבנון מחבל מרכזי ביחידת הרקטות והטילים של חיזבאללה",Positive
"צה""ל תקף מתחם שליטה של חמאס ששימש כבית ספר בעיר עזה",Positive
אוקראינה: 3 הרוגים בתקיפות רוסיות במחוזות סומי וחרקוב,Positive
"צה""ל מאשר: תקפנו מספר יעדים של חיזבאללה בדרום לבנון",Positive
"צה""ל השמיד ברפיח מנהרת טרור של חמאס באורך כקילומטר",Positive
"לאחר 14 שעות: הושלם המבצע לסיכול טרור בטול כרם, 3 מחבלים חוסלו",Positive
"צה""ל: סימני ירי נמצאו על גופות ששת החטופים שחולצו; על המחבלים לא",Positive
דיווחים בלבנון על תקיפות ארטילריה בדרום המדינה,Positive
"ישראל הגישה למצרים מתווים מעודכנים לגבי נוכחות צה""ל בפילדלפי ומעבר רפיח",Positive
"צה""ל חיסל חוליית מחבלים שתכננה לבצע שיגורים לעבר ישראל",Positive
"צה""ל: לוחמי הנח""ל איתרו מטעני חבלה בשקים של אונר""א, מחבלים חוסלו ברפיח",Positive
"צה""ל תקף מתחם שליטה של חמאס ששימש בעבר כבית ספר בעיר עזה",Positive
"דיווח: ""שליח"" עזתי בן 19 סייע בחיסול מוחמד דף",Positive
דיווח: תקיפה בדרום לבנון. חיזבאללה לקח אחריות על 3 תקיפות מהבוקר,Positive
"הפלסטינים: הרוג בפעילות צה""ל במחנה הפליטים טול כרם",Positive
דיווח בלבנון: תקיפות ארטילריות בדרום המדינה,Positive
"חיל האוויר תקף חוליית מחבלים בטול כרם, וחיסל שניים מהם",Positive
"צה""ל: מטוסי קרב תקפו יעדי חיזבאללה ביותר מ-10 מרחבים שונים",Positive
"תקיפות נרחבות של צה""ל בכמה יעדים בדרום לבנון",Positive
"צה""ל: מפסיקת בג""ץ התייצבו כ-70 מלש""בים חרדים בלשכות הגיוס",Positive
"צה""ל תקף בדרום לבנון מבנה צבאי וחוליית מחבלי חיזבאללה ששיגרה רקטות לזרעית",Positive
בכיר מצרי: סינוואר דורש בעסקה התחייבות שלא יחוסל,Positive
"3 מחבלים חמושים חוסלו בתקיפה אווירית בטול כרם. צה""ל: הפעילות שם נמשכת",Positive
"צה""ל: עשרות מחבלים חוסלו ברצועה ביממה האחרונה,  תשתיות טרור הושמדו",Positive
"הממונה על החטופים מטעם צה""ל יגיע לדיון בבג""ץ בהשבת גופת המחבל וליד דקה",Positive
"צה""ל: גופות ששת החטופים חולצו ממנהרה עם פתח בעומק 10 מטרים",Positive
"צה""ל תקף משגר ומבנה צבאי של חיזבאללה בדרום לבנון",Positive
"הפלסטינים: 12 הרוגים חולצו מהריסות בית הספר שהותקף על-ידי צה""ל בעזה",Positive
"צה""ל: כ-40 מחבלים חוסלו באזור רפיח, חיל האוויר תקף שניים שיצאו ממנהרה",Positive
"דובר צה""ל: האזעקה בשתולה - זיהוי שווא",Positive
"דיווח בעזה: הרוגים בתקיפת צה""ל בחאן יונס",Positive
"קיבוץ ניר עוז מודיע: במבצע צה""ל הושבה גם גופתו של חיים פרי",Positive
"צה""ל: 55 שיגורים זוהו מלבנון, חיל האוויר תקף את אחד המשגרים מהם בוצע הירי",Positive
"אחיינו של אברהם מונדר: ""צה""ל חילץ את גופתו מתוך מנהרה""",Positive
"הפלסטינים: כוחות צה""ל נכנסו הלילה לעיר טובאס בשומרון, מלווים בדחפור",Positive
"צה""ל תקף שני משגרים שהיו מוכנים לירי לעבר ישראל",Positive
"צה""ל מאשר: תקפנו מחסני אמל""ח של חיזבאללה בעומק לבנון",Positive
